P [kbar],SiO2,Al2O3,CaO,MgO,FeO,K2O,Na2O,TiO2,Cr2O3,H2O,MnO,Zr,T_liq [C],T_sat [C],T_diff [C]
2.0,60.81,17.95,7.26,3.03,5.6,1.69,2.89,0.64,0.01,6.0,0.0,97.0,1093.6320613009552,698.717242745937,394.9148185550182
